Page,Job URLs Found,Rows Added,Timestamp
501,25,50,2026-09-28T17:11:26
502,25,49,2026-09-28T17:12:07
503,25,31,2026-09-28T17:12:47
504,25,60,2026-09-28T17:13:28
505,25,77,2026-09-28T17:14:09
506,25,34,2026-09-28T17:14:46
507,25,31,2026-09-28T17:15:26
508,25,112,2026-09-28T17:16:06
509,25,43,2026-09-28T17:16:45
510,25,78,2026-09-28T17:17:23
511,25,52,2026-09-28T17:18:01
512,25,63,2026-09-28T17:18:39
513,25,92,2026-09-28T17:19:18
514,25,37,2026-09-28T17:19:57
515,25,37,2026-09-28T17:20:35
516,25,58,2026-09-28T17:36:24
517,25,32,2026-09-28T17:36:59
518,25,41,2026-09-28T17:37:32
519,25,42,2026-09-28T17:38:07
520,25,35,2026-09-28T17:38:41
521,25,45,2026-09-28T17:39:14
522,25,45,2026-09-28T17:39:47
523,25,78,2026-09-28T17:40:20
524,25,47,2026-09-28T17:40:53
525,25,50,2026-09-28T17:41:27
526,25,77,2026-09-28T17:42:00
527,25,36,2026-09-28T17:42:32
528,25,32,2026-09-28T17:43:05
529,25,38,2026-09-28T17:43:37
530,25,84,2026-09-28T17:44:10
